{"Loss": 0.002297674248190808, "Validation Accuracy": 0.7722376115727916, "_timestamp": 1713702426.9700007, "_runtime": 954.403660774231, "_step": 99}